{
    "filter_width": 2,
    "sample_rate": 16000,
    "dilations": [1, 2, 4, 8, 16, 32, 64, 128, 256, 512, 1024, 2048, 4096, 8192, 16384,
                  1, 2, 4, 8, 16, 32, 64, 128, 256, 512, 1024, 2048, 4096, 8192, 16384,
                  1, 2, 4, 8, 16, 32, 64, 128, 256, 512, 1024, 2048, 4096, 8192, 16384,
                  1, 2, 4, 8, 16, 32, 64, 128, 256, 512, 1024, 2048, 4096, 8192, 16384],
    "residual_channels": 32,
    "dilation_channels": 32,
    "quantization_channels": 256,
    "skip_channels": 1024,
    "use_biases": true,
    "scalar_input": false,
    "initial_filter_width": 2
}
